group,granularity,payload,packets,jitter_ns,loss,skew_ns,single_path,key_window,seek_cap,replay_window,seed,warmup,ppf,spacing_ns,delivered,lost_packets,lost_a,lost_b,wins_a,wins_b,duplicates_dropped,reordered,lateness_p50,lateness_p99,lateness_p999,lateness_max,gaps,max_gap,decrypted,drops_behind,drops_seek_cap,drops_replay,drops_auth,cache_hits,installs,catchup_steps,max_catchup,keying_loss,undecrypted_rate,wire_len,measured_calls,mean_ns,p50_ns,p99_ns,p999_ns,max_ns,gbps,warmup_calls,warmup_mean_ns,advance_n,advance_mean_ns,current_n,current_mean_ns,straggler_n,straggler_mean_ns
k_frame,frame,1424,1000000,50000,0.00001,150000,false,1,4096,512,1,50000,3640,4578.754578754579,1000000,0,11,10,999989,11,999979,605713,2,9,10,41,267239,9,999302,698,0,0,0,999027,275,275,1,0.000698,0.000698,1452,949330,305.32569075031864,292,375,459,10000,38.04462039029343,49972,305.7308692868006,261,1192.6053639846743,949069,305.081683207438,0,
k_frame,frame,1424,1000000,50000,0.00001,150000,false,2,4096,512,1,50000,3640,4578.754578754579,1000000,0,11,10,999989,11,999979,605713,2,9,10,41,267239,9,1000000,0,0,0,0,999725,1117,275,1,0,0,1452,950000,304.7277221052632,292,375,625,12917,38.11927552816295,50000,303.27294,261,1201.521072796935,949069,304.3373695695466,670,508.3223880597015
k_frame,frame,1424,1000000,50000,0.00001,150000,false,3,4096,512,1,50000,3640,4578.754578754579,1000000,0,11,10,999989,11,999979,605713,2,9,10,41,267239,9,1000000,0,0,0,0,999725,1117,275,1,0,0,1452,950000,306.4133978947368,292,375,666,14292,37.90956948948584,50000,309.37838,261,1198.2567049808429,949069,306.0203346648136,670,515.776119402985
k_frame,frame,1424,1000000,50000,0.00001,150000,false,4,4096,512,1,50000,3640,4578.754578754579,1000000,0,11,10,999989,11,999979,605713,2,9,10,41,267239,9,1000000,0,0,0,0,999725,1117,275,1,0,0,1452,950000,304.7344884210526,292,375,625,12792,38.118429128868854,50000,304.53942,261,1190.1226053639846,949069,304.3459811668066,670,510.15820895522387
k_frame,frame,1424,1000000,50000,0.00001,150000,false,8,4096,512,1,50000,3640,4578.754578754579,1000000,0,11,10,999989,11,999979,605713,2,9,10,41,267239,9,1000000,0,0,0,0,999725,1117,275,1,0,0,1452,950000,305.29169894736845,292,375,625,19167,38.04885635623709,50000,307.02592,261,1184.2413793103449,949069,304.9058435161195,670,509.4671641791045
k_frame,frame,1424,1000000,50000,0.00001,150000,false,16,4096,512,1,50000,3640,4578.754578754579,1000000,0,11,10,999989,11,999979,605713,2,9,10,41,267239,9,1000000,0,0,0,0,999725,1117,275,1,0,0,1452,950000,304.7249842105263,292,375,625,7750,38.11961802244222,50000,304.18606,261,1190.015325670498,949069,304.33632222736173,670,510.40597014925373
k_frame,frame,1424,1000000,50000,0.00001,150000,false,32,4096,512,1,50000,3640,4578.754578754579,1000000,0,11,10,999989,11,999979,605713,2,9,10,41,267239,9,1000000,0,0,0,0,999725,1117,275,1,0,0,1452,950000,305.29617368421054,292,375,666,12667,38.048298672800435,50000,304.46828,261,1222.5057471264367,949069,304.8967398576921,670,513.8014925373134
k_frame,frame,1424,1000000,50000,0.00001,150000,false,64,4096,512,1,50000,3640,4578.754578754579,1000000,0,11,10,999989,11,999979,605713,2,9,10,41,267239,9,1000000,0,0,0,0,999725,1117,275,1,0,0,1452,950000,304.84801263157897,292,375,625,13458,38.10423397458195,50000,304.86708,261,1218.4022988505747,949069,304.45194711870266,670,510.00597014925376
k_frame,frame,1424,1000000,50000,0.00001,150000,false,128,4096,512,1,50000,3640,4578.754578754579,1000000,0,11,10,999989,11,999979,605713,2,9,10,41,267239,9,1000000,0,0,0,0,999725,1117,275,1,0,0,1452,950000,304.4494252631579,292,375,625,7875,38.15412031065404,50000,304.10788,261,1197.1877394636015,949069,304.0571328322809,670,512.3716417910448
k_frame,frame,1424,1000000,50000,0.00001,150000,false,256,4096,512,1,50000,3640,4578.754578754579,1000000,0,11,10,999989,11,999979,605713,2,9,10,41,267239,9,1000000,0,0,0,0,999725,1117,275,1,0,0,1452,950000,305.0872452631579,292,375,625,15292,38.07435473082604,50000,304.89716,261,1201.9233716475096,949069,304.69681129612286,670,508.7805970149254
k_frame,frame,1424,1000000,50000,0.00001,150000,false,512,4096,512,1,50000,3640,4578.754578754579,1000000,0,11,10,999989,11,999979,605713,2,9,10,41,267239,9,1000000,0,0,0,0,999725,1117,275,1,0,0,1452,950000,316.88952210526315,292,458,750,1721750,36.65630823900022,50000,353.73868,261,1258.7777777777778,949069,316.48175211707473,670,527.5895522388059
n_sweep,every2,1424,1000000,50000,0.00001,150000,false,512,4096,512,1,50000,3640,4578.754578754579,1000000,0,11,10,999989,11,999979,605713,2,9,10,41,267239,9,1000000,0,0,0,0,669177,911885,500000,5,0,0,1452,950000,854.6497231578948,667,2000,2708,431333,13.59153309858847,50000,850.61194,314358,1358.8099014499392,103950,537.4176430976431,531692,618.5910451915771
n_sweep,every4,1424,1000000,50000,0.00001,150000,false,512,4096,512,1,50000,3640,4578.754578754579,1000000,0,11,10,999989,11,999979,605713,2,9,10,41,267239,9,1000000,0,0,0,0,769237,749332,250000,3,0,0,1452,950000,684.7140547368421,625,1542,1625,24750,16.964745968978843,50000,701.7664,219229,1173.1716424378162,285848,498.5697818420979,444923,563.6254610348308
n_sweep,every8,1424,1000000,50000,0.00001,150000,false,512,4096,512,1,50000,3640,4578.754578754579,1000000,0,11,10,999989,11,999979,605713,2,9,10,41,267239,9,1000000,0,0,0,0,875057,496288,125000,2,0,0,1452,950000,541.676667368421,375,1167,1333,37250,21.444527150177922,50000,549.17262,118696,1153.9979696030196,542144,419.61394020776766,289160,519.1821517498962
n_sweep,every16,1424,1000000,50000,0.00001,150000,false,512,4096,512,1,50000,3640,4578.754578754579,1000000,0,11,10,999989,11,999979,605713,2,9,10,41,267239,9,1000000,0,0,0,0,937500,254445,62500,1,0,0,1452,950000,427.94550736842103,333,1167,1209,15000,27.143642823663786,50000,432.40078,59374,1159.7551958769832,745259,351.8727918750394,145367,519.0487662261723
n_sweep,every32,1424,1000000,50000,0.00001,150000,false,512,4096,512,1,50000,3640,4578.754578754579,1000000,0,11,10,999989,11,999979,605713,2,9,10,41,267239,9,1000000,0,0,0,0,968750,127346,31250,1,0,0,1452,950000,367.9880189473684,292,1167,1209,21209,31.566245100119364,50000,369.21504,29687,1168.3524438306329,847600,326.981832232185,72713,519.2185441392874
n_sweep,every41,1424,1000000,50000,0.00001,150000,false,512,4096,512,1,50000,3640,4578.754578754579,1000000,0,11,10,999989,11,999979,605713,2,9,10,41,267239,9,1000000,0,0,0,0,975609,99389,24391,1,0,0,1452,950000,354.72852210526315,292,1167,1209,16042,32.74616862230502,50000,355.4679,23171,1169.0579603815113,869647,322.29852917333125,57182,517.9585359029065
n_sweep,every64,1424,1000000,50000,0.00001,150000,false,512,4096,512,1,50000,3640,4578.754578754579,1000000,0,11,10,999989,11,999979,605713,2,9,10,41,267239,9,1000000,0,0,0,0,984375,63751,15625,1,0,0,1452,950000,338.0456757894737,292,1166,1209,50583,34.36222035046575,50000,337.99668,14843,1174.8809539850436,898756,316.87079585560485,36401,519.6314661685119
n_sweep,every128,1424,1000000,50000,0.00001,150000,false,512,4096,512,1,50000,3640,4578.754578754579,1000000,0,11,10,999989,11,999979,605713,2,9,10,41,267239,9,1000000,0,0,0,0,992187,31797,7813,1,0,0,1452,950000,323.13111789473686,292,667,1208,12541,35.94825554307656,50000,325.91426,7422,1173.1976556184318,924400,312.4244515361315,18178,520.515238200022
n_sweep,every256,1424,1000000,50000,0.00001,150000,false,512,4096,512,1,50000,3640,4578.754578754579,1000000,0,11,10,999989,11,999979,605713,2,9,10,41,267239,9,1000000,0,0,0,0,996093,15945,3907,1,0,0,1452,950000,315.0037063157895,292,666,1208,10083,36.87575659301933,50000,316.91684,3711,1184.8736189706278,937227,309.5739132568737,9062,520.3514676671816
n_sweep,every512,1424,1000000,50000,0.00001,150000,false,512,4096,512,1,50000,3640,4578.754578754579,1000000,0,11,10,999989,11,999979,605713,2,9,10,41,267239,9,1000000,0,0,0,0,998046,7916,1954,1,0,0,1452,950000,312.2994052631579,292,458,1167,20375,37.19507563650921,50000,365.87352,1856,1196.6821120689656,943609,309.55004456294927,4535,522.4222712238147
n_sweep,every1024,1424,1000000,50000,0.00001,150000,false,512,4096,512,1,50000,3640,4578.754578754579,1000000,0,11,10,999989,11,999979,605713,2,9,10,41,267239,9,1000000,0,0,0,0,999023,3905,977,1,0,0,1452,950000,311.18319684210525,292,375,1125,12666,37.328493690788754,50000,311.0426,928,1252.030172413793,946820,309.76549396928664,2252,519.5328596802842
n_sweep,every1820,1424,1000000,50000,0.00001,150000,false,512,4096,512,1,50000,3640,4578.754578754579,1000000,0,11,10,999989,11,999979,605713,2,9,10,41,267239,9,1000000,0,0,0,0,999450,2236,550,1,0,0,1452,950000,310.06351789473683,292,375,667,16833,37.46329164704731,50000,312.5163,522,1244.155172413793,948178,309.2629200424393,1300,518.92
k_packet,packet,1424,1000000,50000,0.00001,150000,false,1,4096,512,1,50000,3640,4578.754578754579,1000000,0,11,10,999989,11,999979,605713,2,9,10,41,267239,9,394287,605713,0,0,0,0,394287,1000000,10,0.605713,0.605713,1452,374672,1757.7513852115985,1542,3583,4334,15833,6.608443092537608,19615,1766.8131022176906,374672,1757.7513852115985,0,,0,
k_packet,packet,1424,1000000,50000,0.00001,150000,false,2,4096,512,1,50000,3640,4578.754578754579,1000000,0,11,10,999989,11,999979,605713,2,9,10,41,267239,9,485986,514014,0,0,0,91699,485986,1000000,10,0.514014,0.514014,1452,461810,1554.5659427037094,1500,3584,4375,23667,7.472182222001718,24176,1555.701770350761,374672,1763.527071678695,0,,87138,656.0844063439602
k_packet,packet,1424,1000000,50000,0.00001,150000,false,3,4096,512,1,50000,3640,4578.754578754579,1000000,0,11,10,999989,11,999979,605713,2,9,10,41,267239,9,577187,422813,0,0,0,182900,577187,1000000,10,0.422813,0.422813,1452,548428,1419.4680432071302,1167,3583,4334,1049417,8.183347314924356,28759,1420.206265864599,374672,1773.3620606824102,0,,173756,656.3624277722784
k_packet,packet,1424,1000000,50000,0.00001,150000,false,4,4096,512,1,50000,3640,4578.754578754579,1000000,0,11,10,999989,11,999979,605713,2,9,10,41,267239,9,667557,332443,0,0,0,273270,667557,1000000,10,0.332443,0.332443,1452,634349,1308.7444545510436,1125,3542,4084,25166,8.875682307272731,33208,1309.2723440134907,374672,1764.3140239996583,0,,259677,651.4310932427593
k_packet,packet,1424,1000000,50000,0.00001,150000,false,8,4096,512,1,50000,3640,4578.754578754579,1000000,0,11,10,999989,11,999979,605713,2,9,10,41,267239,9,949914,50086,0,0,0,555627,949914,1000000,10,0.050086,0.050086,1452,902455,1112.7747754735692,667,3292,4125,59708,10.438770051250057,47459,1115.1264459849554,374672,1775.3541150659778,0,,527783,642.4111481423237
k_packet,packet,1424,1000000,50000,0.00001,150000,false,12,4096,512,1,50000,3640,4578.754578754579,1000000,0,11,10,999989,11,999979,605713,2,9,10,41,267239,9,999989,11,0,0,0,605702,999989,1000000,10,0.000011,0.000011,1452,949990,1089.0187012494869,667,3292,4125,52875,10.666483492590503,49999,1089.2081041620831,374672,1776.4395818208993,0,,575318,641.34044997723
k_packet,packet,1424,1000000,50000,0.00001,150000,false,16,4096,512,1,50000,3640,4578.754578754579,1000000,0,11,10,999989,11,999979,605713,2,9,10,41,267239,9,999989,11,0,0,0,605702,999989,1000000,10,0.000011,0.000011,1452,949990,1088.0186644069938,667,3292,4084,67750,10.676287438810716,49999,1088.0318006360128,374672,1774.3028462228297,0,,575318,641.080680597513
k_packet,packet,1424,1000000,50000,0.00001,150000,false,24,4096,512,1,50000,3640,4578.754578754579,1000000,0,11,10,999989,11,999979,605713,2,9,10,41,267239,9,999989,11,0,0,0,605702,999989,1000000,10,0.000011,0.000011,1452,949990,1089.3997073653406,667,3292,4125,21500,10.66275300191949,49999,1087.520250405008,374672,1776.777650851945,0,,575318,641.7494185824188
k_packet,packet,1424,1000000,50000,0.00001,150000,false,32,4096,512,1,50000,3640,4578.754578754579,1000000,0,11,10,999989,11,999979,605713,2,9,10,41,267239,9,999991,9,0,0,0,605704,999991,1000000,10,0.000009,0.000009,1452,949992,1088.6541918247733,667,3292,4125,36209,10.670054905616603,49999,1089.2689253785077,374672,1775.8199705342272,0,,575320,641.1436296322047
k_packet,packet,1424,1000000,50000,0.00001,150000,false,40,4096,512,1,50000,3640,4578.754578754579,1000000,0,11,10,999989,11,999979,605713,2,9,10,41,267239,9,999999,1,0,0,0,605712,999999,1000000,10,0.000001,0.000001,1452,949999,1088.4549615315384,667,3292,4084,16166,10.672007947536397,50000,1090.05752,374672,1775.5283261092368,0,,575327,641.010027340973
k_packet,packet,1424,1000000,50000,0.00001,150000,false,41,4096,512,1,50000,3640,4578.754578754579,1000000,0,11,10,999989,11,999979,605713,2,9,10,41,267239,9,999999,1,0,0,0,605712,999999,1000000,10,0.000001,0.000001,1452,949999,1089.215844437731,667,3292,4084,44833,10.66455290686333,50000,1089.42762,374672,1775.7288908698808,0,,575327,642.1358079839813
k_packet,packet,1424,1000000,50000,0.00001,150000,false,42,4096,512,1,50000,3640,4578.754578754579,1000000,0,11,10,999989,11,999979,605713,2,9,10,41,267239,9,1000000,0,0,0,0,605713,1000000,1000000,10,0,0,1452,950000,1091.2136263157895,667,3292,4125,45833,10.645028360962211,50000,1088.23768,374672,1779.648828842294,0,,575328,642.8825974053062
k_packet,packet,1424,1000000,50000,0.00001,150000,false,48,4096,512,1,50000,3640,4578.754578754579,1000000,0,11,10,999989,11,999979,605713,2,9,10,41,267239,9,1000000,0,0,0,0,605713,1000000,1000000,10,0,0,1452,950000,1089.2876578947369,667,3292,4084,16459,10.663849824985817,50000,1088.45922,374672,1776.1819618226075,0,,575328,641.9601114494689
k_packet,packet,1424,1000000,50000,0.00001,150000,false,64,4096,512,1,50000,3640,4578.754578754579,1000000,0,11,10,999989,11,999979,605713,2,9,10,41,267239,9,1000000,0,0,0,0,605713,1000000,1000000,10,0,0,1452,950000,1089.4141421052632,667,3292,4125,25417,10.662611720417358,50000,1088.63664,374672,1776.7079712388436,0,,575328,641.8264120640747
k_packet,packet,1424,1000000,50000,0.00001,150000,false,128,4096,512,1,50000,3640,4578.754578754579,1000000,0,11,10,999989,11,999979,605713,2,9,10,41,267239,9,1000000,0,0,0,0,605713,1000000,1000000,10,0,0,1452,950000,1088.929302105263,667,3292,4125,39708,10.667359191769753,50000,1090.70778,374672,1775.42284718367,0,,575328,641.862742644196
k_packet,packet,1424,1000000,50000,0.00001,150000,false,512,4096,512,1,50000,3640,4578.754578754579,1000000,0,11,10,999989,11,999979,605713,2,9,10,41,267239,9,1000000,0,0,0,0,605713,1000000,1000000,10,0,0,1452,950000,1089.4832284210527,667,3292,4125,31375,10.661935582830985,50000,1087.7535,374672,1776.78659734381,0,,575328,641.8892857639469
payload,epoch,16,1000000,0,0,0,true,512,4096,512,1,50000,324000,51.440329218106996,1000000,0,0,0,1000000,0,0,0,0,0,0,0,0,0,1000000,0,0,0,0,999999,1,1,1,0,0,44,950000,148.96287684210526,166,208,250,12208,2.363004846993564,50000,149.362,0,,950000,148.96287684210526,0,
payload,epoch,16,1000000,50000,0.00001,150000,false,512,4096,3922,1,50000,324000,51.440329218106996,1000000,0,11,10,999989,11,999979,959673,447,930,954,3719,39313,124,1000000,0,0,0,0,999999,1,1,1,0,0,44,950000,144.72259157894737,125,250,250,1500,2.432239473876344,50000,144.88192,0,,950000,144.72259157894737,0,
payload,epoch,32,1000000,0,0,0,true,512,4096,512,1,50000,162000,102.88065843621399,1000000,0,0,0,1000000,0,0,0,0,0,0,0,0,0,1000000,0,0,0,0,999999,1,1,1,0,0,60,950000,152.8416852631579,166,208,250,6834,3.140504497667318,50000,153.12988,0,,950000,152.8416852631579,0,
payload,epoch,32,1000000,50000,0.00001,150000,false,512,4096,1961,1,50000,162000,102.88065843621399,1000000,0,11,10,999989,11,999979,942951,216,460,475,1873,54889,100,1000000,0,0,0,0,999999,1,1,1,0,0,60,950000,144.4841105263158,125,209,250,13834,3.3221646190123764,50000,144.42478,0,,950000,144.4841105263158,0,
payload,epoch,40,1000000,0,0,0,true,512,4096,512,1,50000,129600,128.6008230452675,1000000,0,0,0,1000000,0,0,0,0,0,0,0,0,0,1000000,0,0,0,0,999999,1,1,1,0,0,68,950000,154.4610494736842,166,209,250,11791,3.5219235001551783,50000,155.94592,0,,950000,154.4610494736842,0,
payload,epoch,40,1000000,50000,0.00001,150000,false,512,4096,1563,1,50000,129600,128.6008230452675,1000000,0,11,10,999989,11,999979,936205,170,367,379,1453,61107,100,1000000,0,0,0,0,999999,1,1,1,0,0,68,950000,148.66518421052632,166,209,250,9333,3.6592293137688237,50000,148.72016,0,,950000,148.66518421052632,0,
payload,epoch,64,1000000,0,0,0,true,512,4096,512,1,50000,81000,205.76131687242798,1000000,0,0,0,1000000,0,0,0,0,0,0,0,0,0,1000000,0,0,0,0,999999,1,1,1,0,0,92,950000,151.84819368421051,166,208,250,12291,4.8469460330270016,50000,151.94398,0,,950000,151.84819368421051,0,
payload,epoch,64,1000000,50000,0.00001,150000,false,512,4096,976,1,50000,81000,205.76131687242798,1000000,0,11,10,999989,11,999979,919125,102,227,236,928,76454,68,1000000,0,0,0,0,999999,1,1,1,0,0,92,950000,144.86477789473685,125,209,250,14833,5.0806000650813825,50000,145.31524,0,,950000,144.86477789473685,0,
payload,epoch,128,1000000,0,0,0,true,512,4096,512,1,50000,40500,411.52263374485597,1000000,0,0,0,1000000,0,0,0,0,0,0,0,0,0,1000000,0,0,0,0,999999,1,1,1,0,0,156,950000,161.07029263157895,167,209,250,27334,7.748169942514409,50000,162.13468,0,,950000,161.07029263157895,0,
payload,epoch,128,1000000,50000,0.00001,150000,false,512,4096,512,1,50000,40500,411.52263374485597,1000000,0,11,10,999989,11,999979,884938,47,112,117,452,105941,43,1000000,0,0,0,0,999999,1,1,1,0,0,156,950000,153.50135578947368,166,209,250,1500,8.130221349390721,50000,152.921,0,,950000,153.50135578947368,0,
payload,epoch,160,1000000,0,0,0,true,512,4096,512,1,50000,32400,514.40329218107,1000000,0,0,0,1000000,0,0,0,0,0,0,0,0,0,1000000,0,0,0,0,999999,1,1,1,0,0,188,950000,171.33171263157894,167,209,250,12875,8.778293153667985,50000,171.2123,0,,950000,171.33171263157894,0,
payload,epoch,160,1000000,50000,0.00001,150000,false,512,4096,512,1,50000,32400,514.40329218107,1000000,0,11,10,999989,11,999979,871139,37,89,93,365,117334,41,1000000,0,0,0,0,999999,1,1,1,0,0,188,950000,162.51137789473685,167,209,250,47292,9.254736618959583,50000,165.602,0,,950000,162.51137789473685,0,
payload,epoch,256,1000000,0,0,0,true,512,4096,512,1,50000,20250,823.0452674897119,1000000,0,0,0,1000000,0,0,0,0,0,0,0,0,0,1000000,0,0,0,0,999999,1,1,1,0,0,284,950000,189.00655684210525,208,250,292,54750,12.020746993968112,50000,188.64672,0,,950000,189.00655684210525,0,
payload,epoch,256,1000000,50000,0.00001,150000,false,512,4096,512,1,50000,20250,823.0452674897119,1000000,0,11,10,999989,11,999979,836548,21,55,58,222,144495,34,1000000,0,0,0,0,999999,1,1,1,0,0,284,950000,180.02791263157894,167,250,292,14250,12.620265195484277,50000,183.96592,0,,950000,180.02791263157894,0,
payload,epoch,512,1000000,0,0,0,true,512,4096,512,1,50000,10125,1646.0905349794239,1000000,0,0,0,1000000,0,0,0,0,0,0,0,0,0,1000000,0,0,0,0,999999,1,1,1,0,0,540,950000,212.2025652631579,208,250,333,55375,20.357906581584704,50000,213.31088,0,,950000,212.2025652631579,0,
payload,epoch,512,1000000,50000,0.00001,150000,false,512,4096,512,1,50000,10125,1646.0905349794239,1000000,0,11,10,999989,11,999979,766778,9,26,29,112,192672,19,1000000,0,0,0,0,999999,1,1,1,0,0,540,950000,202.39645263157894,208,250,292,23167,21.344247608250676,50000,202.5536,0,,950000,202.39645263157894,0,
payload,epoch,800,1000000,0,0,0,true,512,4096,512,1,50000,6480,2572.01646090535,1000000,0,0,0,1000000,0,0,0,0,0,0,0,0,0,1000000,0,0,0,0,999999,1,1,1,0,0,828,950000,248.9584947368421,250,292,375,18166,26.606844675060398,50000,249.89834,0,,950000,248.9584947368421,0,
payload,epoch,800,1000000,50000,0.00001,150000,false,512,4096,512,1,50000,6480,2572.01646090535,1000000,0,11,10,999989,11,999979,707145,5,17,18,71,226468,16,1000000,0,0,0,0,999999,1,1,1,0,0,828,950000,232.8681610526316,250,292,375,17500,28.445279810076226,50000,234.74766,0,,950000,232.8681610526316,0,
payload,epoch,1024,1000000,0,0,0,true,512,4096,512,1,50000,5062,3292.5062557618858,1000000,0,0,0,1000000,0,0,0,0,0,0,0,0,0,1000000,0,0,0,0,999999,1,1,1,0,0,1052,950000,273.1574010526316,291,334,417,12959,30.81007495154201,50000,276.01408,0,,950000,273.1574010526316,0,
payload,epoch,1024,1000000,50000,0.00001,150000,false,512,4096,512,1,50000,5062,3292.5062557618858,1000000,0,11,10,999989,11,999979,667459,3,13,14,54,244953,13,1000000,0,0,0,0,999999,1,1,1,0,0,1052,950000,260.45910736842103,250,292,375,13917,32.31217401085352,50000,260.00172,0,,950000,260.45910736842103,0,
payload,epoch,1200,1000000,0,0,0,true,512,4096,512,1,50000,4320,3858.0246913580245,1000000,0,0,0,1000000,0,0,0,0,0,0,0,0,0,1000000,0,0,0,0,999999,1,1,1,0,0,1228,950000,289.1415757894737,292,334,417,13000,33.97643515352816,50000,290.90212,0,,950000,289.1415757894737,0,
payload,epoch,1200,1000000,50000,0.00001,150000,false,512,4096,512,1,50000,4320,3858.0246913580245,1000000,0,11,10,999989,11,999979,639076,2,11,12,49,256263,11,1000000,0,0,0,0,999999,1,1,1,0,0,1228,950000,277.4726873684211,291,334,417,15875,35.405286528096894,50000,276.62716,0,,950000,277.4726873684211,0,
payload,epoch,1424,1000000,0,0,0,true,512,4096,512,1,50000,3640,4578.754578754579,1000000,0,0,0,1000000,0,0,0,0,0,0,0,0,0,1000000,0,0,0,0,999999,1,1,1,0,0,1452,950000,316.0653,333,375,459,54208,36.75189905377149,50000,316.83738,0,,950000,316.0653,0,
payload,epoch,1424,1000000,50000,0.00001,150000,false,512,4096,512,1,50000,3640,4578.754578754579,1000000,0,11,10,999989,11,999979,605713,2,9,10,41,267239,9,1000000,0,0,0,0,999999,1,1,1,0,0,1452,950000,304.22704842105264,292,375,458,17042,38.18200932588796,50000,303.90372,0,,950000,304.22704842105264,0,
payload,epoch,2048,1000000,0,0,0,true,512,4096,512,1,50000,2531,6585.0125115237715,1000000,0,0,0,1000000,0,0,0,0,0,0,0,0,0,1000000,0,0,0,0,999999,1,1,1,0,0,2076,950000,381.8473410526316,375,458,542,9334,43.493821259084925,50000,383.0468,0,,950000,381.8473410526316,0,
payload,epoch,2048,1000000,50000,0.00001,150000,false,512,4096,512,1,50000,2531,6585.0125115237715,1000000,0,11,10,999989,11,999979,523640,1,6,7,27,282712,7,1000000,0,0,0,0,999999,1,1,1,0,0,2076,950000,372.4114094736842,375,417,542,9333,44.59584099067076,50000,805.53612,0,,950000,372.4114094736842,0,
payload,epoch,4096,1000000,0,0,0,true,512,4096,512,1,50000,1265,13175.230566534914,1000000,0,0,0,1000000,0,0,0,0,0,0,0,0,0,1000000,0,0,0,0,999999,1,1,1,0,0,4124,950000,590.3851273684211,583,667,875,19667,55.88216652248394,50000,596.41804,0,,950000,590.3851273684211,0,
payload,epoch,4096,1000000,50000,0.00001,150000,false,512,4096,512,1,50000,1265,13175.230566534914,1000000,0,11,10,999989,11,999979,322629,0,3,3,13,252590,4,1000000,0,0,0,0,999999,1,1,1,0,0,4124,950000,587.4253957894737,583,667,875,55500,56.16372774564881,50000,585.36346,0,,950000,587.4253957894737,0,
payload,epoch,8924,1000000,0,0,0,true,512,4096,512,1,50000,580,28735.632183908045,1000000,0,0,0,1000000,0,0,0,0,0,0,0,0,0,1000000,0,0,0,0,999999,1,1,1,0,0,8952,950000,1092.721087368421,1083,1208,1584,40709,65.53913970167028,50000,1094.99756,0,,950000,1092.721087368421,0,
payload,epoch,8924,1000000,50000,0.00001,150000,false,512,4096,512,1,50000,580,28735.632183908045,1000000,0,11,10,999989,11,999979,90561,0,1,1,6,90560,2,1000000,0,0,0,0,999999,1,1,1,0,0,8952,950000,1092.762517894737,1083,1208,1583,24667,65.5366548790234,50000,1092.94118,0,,950000,1092.762517894737,0,
payload,frame,16,1000000,0,0,0,true,512,4096,512,1,50000,324000,51.440329218106996,1000000,0,0,0,1000000,0,0,0,0,0,0,0,0,0,1000000,0,0,0,0,999996,4,4,1,0,0,44,950000,152.33445052631578,166,209,250,13542,2.310705154243439,50000,151.03448,3,2236,949997,152.32787050906475,0,
payload,frame,16,1000000,50000,0.00001,150000,false,512,4096,3922,1,50000,324000,51.440329218106996,1000000,0,11,10,999989,11,999979,959673,447,930,954,3719,39313,124,1000000,0,0,0,0,999996,964,4,1,0,0,44,950000,144.80369894736842,125,250,458,10792,2.430877129236463,50000,144.54248,3,1652.3333333333333,948586,144.6268213952135,1411,260.50956768249466
payload,frame,32,1000000,0,0,0,true,512,4096,512,1,50000,162000,102.88065843621399,1000000,0,0,0,1000000,0,0,0,0,0,0,0,0,0,1000000,0,0,0,0,999993,7,7,1,0,0,60,950000,153.2816105263158,166,209,250,1875,3.1314911055008277,50000,152.78094,6,1361.1666666666667,949994,153.27398173041092,0,
payload,frame,32,1000000,50000,0.00001,150000,false,512,4096,1961,1,50000,162000,102.88065843621399,1000000,0,11,10,999989,11,999979,942951,216,460,475,1873,54889,100,1000000,0,0,0,0,999993,949,7,1,0,0,60,950000,144.47901263157894,125,209,458,2625,3.3222818405050885,50000,144.40206,6,1340,948660,144.29867708135686,1334,267.3455772113943
payload,frame,40,1000000,0,0,0,true,512,4096,512,1,50000,129600,128.6008230452675,1000000,0,0,0,1000000,0,0,0,0,0,0,0,0,0,1000000,0,0,0,0,999992,8,8,1,0,0,68,950000,157.00929684210527,166,209,250,26792,3.4647629850037975,50000,156.66766,7,1494.142857142857,949993,156.999444206431,0,
payload,frame,40,1000000,50000,0.00001,150000,false,512,4096,1563,1,50000,129600,128.6008230452675,1000000,0,11,10,999989,11,999979,936205,170,367,379,1453,61107,100,1000000,0,0,0,0,999992,924,8,1,0,0,68,950000,149.28757473684212,166,209,416,12959,3.643973726272534,50000,152.97492,7,1565.4285714285713,948798,149.11312523845962,1195,279.50041841004185
payload,frame,64,1000000,0,0,0,true,512,4096,512,1,50000,81000,205.76131687242798,1000000,0,0,0,1000000,0,0,0,0,0,0,0,0,0,1000000,0,0,0,0,999987,13,13,1,0,0,92,950000,154.51037263157895,166,209,250,88792,4.763434243699285,50000,156.09728,12,1854.25,949988,154.48890196507745,0,
payload,frame,64,1000000,50000,0.00001,150000,false,512,4096,976,1,50000,81000,205.76131687242798,1000000,0,11,10,999989,11,999979,919125,102,227,236,928,76454,68,1000000,0,0,0,0,999987,941,13,1,0,0,92,950000,144.98536947368422,125,209,458,17708,5.076374276051273,50000,144.93298,12,1322.8333333333333,948748,144.8036644082517,1240,272.61290322580646
payload,frame,128,1000000,0,0,0,true,512,4096,512,1,50000,40500,411.52263374485597,1000000,0,0,0,1000000,0,0,0,0,0,0,0,0,0,1000000,0,0,0,0,999975,25,25,1,0,0,156,950000,162.58044736842106,167,209,250,18084,7.6761998149256305,50000,164.90268,23,1427.6521739130435,949977,162.54981857455496,0,
payload,frame,128,1000000,50000,0.00001,150000,false,512,4096,512,1,50000,40500,411.52263374485597,1000000,0,11,10,999989,11,999979,884938,47,112,117,452,105941,43,1000000,0,0,0,0,999975,969,25,1,0,0,156,950000,153.86102315789475,166,209,375,22333,8.111216046700024,50000,153.6231,23,1181.0869565217392,948872,153.67095878053098,1105,295.689592760181
payload,frame,160,1000000,0,0,0,true,512,4096,512,1,50000,32400,514.40329218107,1000000,0,0,0,1000000,0,0,0,0,0,0,0,0,0,1000000,0,0,0,0,999969,31,31,1,0,0,188,950000,171.56695157894737,167,209,250,7458,8.766257056843067,50000,174.91376,29,1188.0689655172414,949971,171.53592057020688,0,
payload,frame,160,1000000,50000,0.00001,150000,false,512,4096,512,1,50000,32400,514.40329218107,1000000,0,11,10,999989,11,999979,871139,37,89,93,365,117334,41,1000000,0,0,0,0,999969,933,31,1,0,0,188,950000,162.81022947368422,167,209,334,12166,9.237748788033608,50000,165.91096,29,1214.0344827586207,948955,162.61964687472008,1016,310.81102362204723
payload,frame,256,1000000,0,0,0,true,512,4096,512,1,50000,20250,823.0452674897119,1000000,0,0,0,1000000,0,0,0,0,0,0,0,0,0,1000000,0,0,0,0,999950,50,50,1,0,0,284,950000,190.06043157894737,208,250,292,12125,11.954092606888855,50000,192.946,47,1398.9574468085107,949953,190.0006200306752,0,
payload,frame,256,1000000,50000,0.00001,150000,false,512,4096,512,1,50000,20250,823.0452674897119,1000000,0,11,10,999989,11,999979,836548,21,55,58,222,144495,34,1000000,0,0,0,0,999950,984,50,1,0,0,284,950000,179.91470105263159,167,250,500,12875,12.628206515127173,50000,181.22946,47,1160.468085106383,948931,179.70467610395275,1022,329.82974559686886
payload,frame,512,1000000,0,0,0,true,512,4096,512,1,50000,10125,1646.0905349794239,1000000,0,0,0,1000000,0,0,0,0,0,0,0,0,0,1000000,0,0,0,0,999901,99,99,1,0,0,540,950000,212.9090757894737,208,250,333,13792,20.29035156900335,50000,215.57242,94,1234.0425531914893,949906,212.80802732059803,0,
payload,frame,512,1000000,50000,0.00001,150000,false,512,4096,512,1,50000,10125,1646.0905349794239,1000000,0,11,10,999989,11,999979,766778,9,26,29,112,192672,19,1000000,0,0,0,0,999901,977,99,1,0,0,540,950000,202.65568736842104,208,250,500,11250,21.31694430142683,50000,203.21714,94,1159.1382978723404,949036,202.41152917276057,870,365.6505747126437
payload,frame,800,1000000,0,0,0,true,512,4096,512,1,50000,6480,2572.01646090535,1000000,0,0,0,1000000,0,0,0,0,0,0,0,0,0,1000000,0,0,0,0,999845,155,155,1,0,0,828,950000,248.9039105263158,250,292,375,12500,26.61267951151642,50000,254.28052,147,1247.1224489795918,949853,248.7494254374098,0,
payload,frame,800,1000000,50000,0.00001,150000,false,512,4096,512,1,50000,6480,2572.01646090535,1000000,0,11,10,999989,11,999979,707145,5,17,18,71,226468,16,1000000,0,0,0,0,999845,1073,155,1,0,0,828,950000,233.9091642105263,250,292,542,12459,28.318685256975105,50000,233.14284,147,1195.5646258503402,949037,233.60536522812072,816,413.9987745098039
payload,frame,1024,1000000,0,0,0,true,512,4096,512,1,50000,5062,3292.5062557618858,1000000,0,0,0,1000000,0,0,0,0,0,0,0,0,0,1000000,0,0,0,0,999802,198,198,1,0,0,1052,950000,272.75602842105263,291,333,417,13792,30.855413347668513,50000,275.98362,188,1233.6010638297873,949812,272.565844609249,0,
payload,frame,1024,1000000,50000,0.00001,150000,false,512,4096,512,1,50000,5062,3292.5062557618858,1000000,0,11,10,999989,11,999979,667459,3,13,14,54,244953,13,1000000,0,0,0,0,999802,1078,198,1,0,0,1052,950000,260.96184,250,333,583,11792,32.24992588954768,50000,266.81358,188,1256.8563829787233,949069,260.6158129703952,743,450.9690444145357
payload,frame,1200,1000000,0,0,0,true,512,4096,512,1,50000,4320,3858.0246913580245,1000000,0,0,0,1000000,0,0,0,0,0,0,0,0,0,1000000,0,0,0,0,999768,232,232,1,0,0,1228,950000,289.70428,292,334,417,14958,33.910441364552845,50000,291.5599,220,1285.2272727272727,949780,289.4736844321843,0,
payload,frame,1200,1000000,50000,0.00001,150000,false,512,4096,512,1,50000,4320,3858.0246913580245,1000000,0,11,10,999989,11,999979,639076,2,11,12,49,256263,11,1000000,0,0,0,0,999768,1098,232,1,0,0,1228,950000,278.56771157894735,291,334,625,12084,35.266111583128804,50000,281.50722,220,1254.9454545454546,949034,278.1910258220464,746,469.8337801608579
payload,frame,1424,1000000,0,0,0,true,512,4096,512,1,50000,3640,4578.754578754579,1000000,0,0,0,1000000,0,0,0,0,0,0,0,0,0,1000000,0,0,0,0,999725,275,275,1,0,0,1452,950000,315.0539936842105,333,375,459,42375,36.86987066617895,50000,319.89592,261,1329.5172413793102,949739,314.77520666204083,0,
payload,frame,1424,1000000,50000,0.00001,150000,false,512,4096,512,1,50000,3640,4578.754578754579,1000000,0,11,10,999989,11,999979,605713,2,9,10,41,267239,9,1000000,0,0,0,0,999725,1117,275,1,0,0,1452,950000,305.5293505263158,292,375,625,18750,38.01926060455358,50000,308.72446,261,1275.7088122605364,949069,305.1159947274645,670,513.1208955223881
payload,frame,2048,1000000,0,0,0,true,512,4096,512,1,50000,2531,6585.0125115237715,1000000,0,0,0,1000000,0,0,0,0,0,0,0,0,0,1000000,0,0,0,0,999604,396,396,1,0,0,2076,950000,382.5571736842105,375,458,583,39375,43.41311872433846,50000,383.05072,376,1465.5398936170213,949624,382.12837080781446,0,
payload,frame,2048,1000000,50000,0.00001,150000,false,512,4096,512,1,50000,2531,6585.0125115237715,1000000,0,11,10,999989,11,999979,523640,1,6,7,27,282712,7,1000000,0,0,0,0,999604,1214,396,1,0,0,2076,950000,373.1480757894737,375,458,709,13208,44.50780019396392,50000,372.94442,376,1329.0053191489362,949040,372.6165493551378,584,621.5
payload,frame,4096,1000000,0,0,0,true,512,4096,512,1,50000,1265,13175.230566534914,1000000,0,0,0,1000000,0,0,0,0,0,0,0,0,0,1000000,0,0,0,0,999209,791,791,1,0,0,4124,950000,590.6821494736843,583,666,917,13583,55.854066403389496,50000,592.1561,751,1728.693741677763,949249,589.7818096200259,0,
payload,frame,4096,1000000,50000,0.00001,150000,false,512,4096,512,1,50000,1265,13175.230566534914,1000000,0,11,10,999989,11,999979,322629,0,3,3,13,252590,4,1000000,0,0,0,0,999209,1459,791,1,0,0,4124,950000,587.9239126315789,583,708,1000,52916,56.11610497747241,50000,593.48372,751,1580.953395472703,948865,587.0191945113372,384,881.3880208333334
payload,frame,8924,1000000,0,0,0,true,512,4096,512,1,50000,580,28735.632183908045,1000000,0,0,0,1000000,0,0,0,0,0,0,0,0,0,1000000,0,0,0,0,998275,1725,1725,1,0,0,8952,950000,1094.2479315789474,1083,1250,2000,26209,65.44769053998716,50000,1108.1062,1638,2019.3778998778998,948362,1092.6500576783972,0,
payload,frame,8924,1000000,50000,0.00001,150000,false,512,4096,512,1,50000,580,28735.632183908045,1000000,0,11,10,999989,11,999979,90561,0,1,1,6,90560,2,1000000,0,0,0,0,998275,2055,1725,1,0,0,8952,950000,1094.0527505263158,1083,1209,2000,24750,65.45936653013094,50000,1096.32066,1638,2024.537851037851,948206,1092.3867471836288,156,1450.3333333333333
payload,packet,16,1000000,0,0,0,true,512,4096,512,1,50000,324000,51.440329218106996,1000000,0,0,0,1000000,0,0,0,0,0,0,0,0,0,1000000,0,0,0,0,0,1000000,1000000,1,0,0,44,950000,976.20984,959,1084,1417,14833,0.3605782133890394,50000,980.3095,950000,976.20984,0,,0,
payload,packet,16,1000000,50000,0.00001,150000,false,3923,4096,3922,1,50000,324000,51.440329218106996,1000000,0,11,10,999989,11,999979,959673,447,930,954,3719,39313,124,1000000,0,0,0,0,959673,1000000,1000000,125,0,0,44,950000,888.9159652631579,459,15125,28458,62125,0.3959879378426876,50000,892.40554,38277,10711.440368889935,0,,911723,476.5354872038985
payload,packet,32,1000000,0,0,0,true,512,4096,512,1,50000,162000,102.88065843621399,1000000,0,0,0,1000000,0,0,0,0,0,0,0,0,0,1000000,0,0,0,0,0,1000000,1000000,1,0,0,60,950000,977.3675768421052,959,1042,1416,12417,0.49111512533584334,50000,978.55798,950000,977.3675768421052,0,,0,
payload,packet,32,1000000,50000,0.00001,150000,false,1962,4096,1961,1,50000,162000,102.88065843621399,1000000,0,11,10,999989,11,999979,942951,216,460,475,1873,54889,100,1000000,0,0,0,0,942951,1000000,1000000,101,0,0,60,950000,892.807465263158,459,12625,21208,50042,0.5376299131398038,50000,893.00828,54204,7761.406741199911,0,,895796,477.19324600690334
payload,packet,40,1000000,0,0,0,true,512,4096,512,1,50000,129600,128.6008230452675,1000000,0,0,0,1000000,0,0,0,0,0,0,0,0,0,1000000,0,0,0,0,0,1000000,1000000,1,0,0,68,950000,984.1057136842105,1000,1084,1417,24250,0.5527861411996273,50000,982.84756,950000,984.1057136842105,0,,0,
payload,packet,40,1000000,50000,0.00001,150000,false,1564,4096,1563,1,50000,129600,128.6008230452675,1000000,0,11,10,999989,11,999979,936205,170,367,379,1453,61107,100,1000000,0,0,0,0,936205,1000000,1000000,101,0,0,68,950000,896.4386326315789,459,11834,19458,41958,0.6068457786151378,50000,898.9841,60624,7022.278652019002,0,,889376,478.8729176411327
payload,packet,64,1000000,0,0,0,true,512,4096,512,1,50000,81000,205.76131687242798,1000000,0,0,0,1000000,0,0,0,0,0,0,0,0,0,1000000,0,0,0,0,0,1000000,1000000,1,0,0,92,950000,978.7448305263158,959,1084,1417,28708,0.7519835375316559,50000,974.22538,950000,978.7448305263158,0,,0,
payload,packet,64,1000000,50000,0.00001,150000,false,977,4096,976,1,50000,81000,205.76131687242798,1000000,0,11,10,999989,11,999979,919125,102,227,236,928,76454,68,1000000,0,0,0,0,919125,1000000,1000000,69,0,0,92,950000,897.3191821052632,459,10250,16000,31791,0.8202209589158888,50000,900.32548,76777,5670.461453299817,0,,873223,477.64683706223957
payload,packet,128,1000000,0,0,0,true,512,4096,512,1,50000,40500,411.52263374485597,1000000,0,0,0,1000000,0,0,0,0,0,0,0,0,0,1000000,0,0,0,0,0,1000000,1000000,1,0,0,156,950000,987.9543178947368,1000,1125,1458,23917,1.2632163020041278,50000,982.69866,950000,987.9543178947368,0,,0,
payload,packet,128,1000000,50000,0.00001,150000,false,512,4096,512,1,50000,40500,411.52263374485597,1000000,0,11,10,999989,11,999979,884938,47,112,117,452,105941,43,1000000,0,0,0,0,884938,1000000,1000000,44,0,0,156,950000,911.5912210526316,500,8000,11833,21625,1.3690346848216801,50000,912.3822,109285,4165.259514114471,0,,840715,488.6451104119708
payload,packet,160,1000000,0,0,0,true,512,4096,512,1,50000,32400,514.40329218107,1000000,0,0,0,1000000,0,0,0,0,0,0,0,0,0,1000000,0,0,0,0,0,1000000,1000000,1,0,0,188,950000,1003.8377136842105,1000,1125,1458,14708,1.4982501449164836,50000,1008.55602,950000,1003.8377136842105,0,,0,
payload,packet,160,1000000,50000,0.00001,150000,false,512,4096,512,1,50000,32400,514.40329218107,1000000,0,11,10,999989,11,999979,871139,37,89,93,365,117334,41,1000000,0,0,0,0,871139,1000000,1000000,42,0,0,188,950000,921.7588894736842,500,7542,10708,44875,1.6316631357455853,50000,921.68022,122397,3795.23648455436,0,,827603,496.7905928325538
payload,packet,256,1000000,0,0,0,true,512,4096,512,1,50000,20250,823.0452674897119,1000000,0,0,0,1000000,0,0,0,0,0,0,0,0,0,1000000,0,0,0,0,0,1000000,1000000,1,0,0,284,950000,1011.4161284210526,1000,1125,1459,23208,2.2463553191967356,50000,1010.79674,950000,1011.4161284210526,0,,0,
payload,packet,256,1000000,50000,0.00001,150000,false,512,4096,512,1,50000,20250,823.0452674897119,1000000,0,11,10,999989,11,999979,836548,21,55,58,222,144495,34,1000000,0,0,0,0,836548,1000000,1000000,35,0,0,284,950000,941.6571105263158,500,6292,8792,41875,2.412767847874182,50000,941.13356,155288,3132.0974962650043,0,,794712,513.6415443582077
payload,packet,512,1000000,0,0,0,true,512,4096,512,1,50000,10125,1646.0905349794239,1000000,0,0,0,1000000,0,0,0,0,0,0,0,0,0,1000000,0,0,0,0,0,1000000,1000000,1,0,0,540,950000,1035.6140505263159,1041,1125,1500,34042,4.171438189549964,50000,1039.2362,950000,1035.6140505263159,0,,0,
payload,packet,512,1000000,50000,0.00001,150000,false,512,4096,512,1,50000,10125,1646.0905349794239,1000000,0,11,10,999989,11,999979,766778,9,26,29,112,192672,19,1000000,0,0,0,0,766778,1000000,1000000,20,0,0,540,950000,972.9340936842106,542,4833,6417,43125,4.440177426244209,50000,972.9962,221603,2406.110368541942,0,,728397,536.9134043660257
payload,packet,800,1000000,0,0,0,true,512,4096,512,1,50000,6480,2572.01646090535,1000000,0,0,0,1000000,0,0,0,0,0,0,0,0,0,1000000,0,0,0,0,0,1000000,1000000,1,0,0,828,950000,1066.2585610526316,1042,1167,1542,19667,6.212376849251888,50000,1061.90226,950000,1066.2585610526316,0,,0,
payload,packet,800,1000000,50000,0.00001,150000,false,512,4096,512,1,50000,6480,2572.01646090535,1000000,0,11,10,999989,11,999979,707145,5,17,18,71,226468,16,1000000,0,0,0,0,707145,1000000,1000000,17,0,0,828,950000,1011.0265410526316,583,4000,5292,43125,6.551756784845049,50000,1015.09514,278260,2079.0496478113996,0,,671740,568.6111575907345
payload,packet,1024,1000000,0,0,0,true,512,4096,512,1,50000,5062,3292.5062557618858,1000000,0,0,0,1000000,0,0,0,0,0,0,0,0,0,1000000,0,0,0,0,0,1000000,1000000,1,0,0,1052,950000,1085.7460842105263,1083,1208,1583,52083,7.751351925086139,50000,1085.59816,950000,1085.7460842105263,0,,0,
payload,packet,1024,1000000,50000,0.00001,150000,false,512,4096,512,1,50000,5062,3292.5062557618858,1000000,0,11,10,999989,11,999979,667459,3,13,14,54,244953,13,1000000,0,0,0,0,667459,1000000,1000000,14,0,0,1052,950000,1035.6968736842105,625,3625,4875,28500,8.125929713452127,50000,1033.91168,315957,1916.2862288222764,0,,634043,596.880624815667
payload,packet,1200,1000000,0,0,0,true,512,4096,512,1,50000,4320,3858.0246913580245,1000000,0,0,0,1000000,0,0,0,0,0,0,0,0,0,1000000,0,0,0,0,0,1000000,1000000,1,0,0,1228,950000,1108.0542536842106,1084,1209,1625,27375,8.865991865773557,50000,1120.96418,950000,1108.0542536842106,0,,0,
payload,packet,1200,1000000,50000,0.00001,150000,false,512,4096,512,1,50000,4320,3858.0246913580245,1000000,0,11,10,999989,11,999979,639076,2,11,12,49,256263,11,1000000,0,0,0,0,639076,1000000,1000000,12,0,0,1228,950000,1058.228905263158,625,3583,4542,28458,9.283435701992085,50000,1063.0721,342891,1842.8780253783273,0,,607109,615.0644628888717
payload,packet,1424,1000000,0,0,0,true,512,4096,512,1,50000,3640,4578.754578754579,1000000,0,0,0,1000000,0,0,0,0,0,0,0,0,0,1000000,0,0,0,0,0,1000000,1000000,1,0,0,1452,950000,1134.031957894737,1125,1250,1666,35083,10.243097576865836,50000,1124.66342,950000,1134.031957894737,0,,0,
payload,packet,1424,1000000,50000,0.00001,150000,false,512,4096,512,1,50000,3640,4578.754578754579,1000000,0,11,10,999989,11,999979,605713,2,9,10,41,267239,9,1000000,0,0,0,0,605713,1000000,1000000,10,0,0,1452,950000,1091.6409652631578,667,3250,4042,21208,10.640861207695494,50000,1088.15446,374672,1779.041623072981,0,,575328,643.983664970243
payload,packet,2048,1000000,0,0,0,true,512,4096,512,1,50000,2531,6585.0125115237715,1000000,0,0,0,1000000,0,0,0,0,0,0,0,0,0,1000000,0,0,0,0,0,1000000,1000000,1,0,0,2076,950000,1198.9661589473685,1208,1333,1750,27125,13.851933914949678,50000,1202.52588,950000,1198.9661589473685,0,,0,
payload,packet,2048,1000000,50000,0.00001,150000,false,512,4096,512,1,50000,2531,6585.0125115237715,1000000,0,11,10,999989,11,999979,523640,1,6,7,27,282712,7,1000000,0,0,0,0,523640,1000000,1000000,8,0,0,2076,950000,1168.4558242105263,750,2958,3666,1229625,14.213631064076631,50000,1170.68598,452696,1663.808295191475,0,,497304,717.5363017389766
payload,packet,4096,1000000,0,0,0,true,512,4096,512,1,50000,1265,13175.230566534914,1000000,0,0,0,1000000,0,0,0,0,0,0,0,0,0,1000000,0,0,0,0,0,1000000,1000000,1,0,0,4124,950000,1406.8782210526315,1416,1541,2041,26791,23.45050161862287,50000,1415.53724,950000,1406.8782210526315,0,,0,
payload,packet,4096,1000000,50000,0.00001,150000,false,512,4096,512,1,50000,1265,13175.230566534914,1000000,0,11,10,999989,11,999979,322629,0,3,3,13,252590,4,1000000,0,0,0,0,322629,1000000,1000000,5,0,0,4124,950000,1386.5691242105263,1416,2292,2708,20041,23.79398143513741,50000,1383.90204,643610,1606.807007349171,0,,306390,923.9322758575671
payload,packet,8924,1000000,0,0,0,true,512,4096,512,1,50000,580,28735.632183908045,1000000,0,0,0,1000000,0,0,0,0,0,0,0,0,0,1000000,0,0,0,0,0,1000000,1000000,1,0,0,8952,950000,1909.3813536842106,1916,2083,2750,31959,37.50743656410738,50000,1923.673,950000,1909.3813536842106,0,,0,
payload,packet,8924,1000000,50000,0.00001,150000,false,512,4096,512,1,50000,580,28735.632183908045,1000000,0,11,10,999989,11,999979,90561,0,1,1,6,90560,2,1000000,0,0,0,0,90561,1000000,1000000,3,0,0,8952,950000,1918.3859610526315,1916,2458,4667,2045500,37.33138245064294,50000,1908.79954,863942,1965.8110405559632,0,,86058,1442.282425805852
